{"cameraMode":{"drawMode":0,"name":"Shaded","section":"Shading Mode"},"sceneLighting":true,"audioPlay":false,"sceneViewState":{"m_AlwaysRefresh":false,"showFog":true,"showSkybox":true,"showFlares":true,"showImageEffects":true,"showParticleSystems":true,"showVisualEffectGraphs":true,"m_FxEnabled":true},"in2DMode":false,"pivot":{"x":-0.2294822484254837,"y":0.6420579552650452,"z":0.2616842985153198},"rotation":{"x":0.009079701267182827,"y":0.9847427010536194,"z":-0.16519786417484284,"w":0.054117605090141299},"size":1.032751441001892,"orthographic":false}